{"text": " People didn't care because when they come here, the society is so open that nobody's going to ask you where you're coming from. Provided you speak your English or you can interact with them, most of us, they think we are not like when I say Alicabre. I say Alicabre. Some people, even in official paper, they write Alicabre. I say Agamilicabre, Nakabre, correct it. But because, no, everybody is like, we are the same. If you say your name, it sounds like some, ah, okay, are you from Zogotubu? No, no, I'm from Okinawa so, ah, Okinawa, good, good, good, good, good, you know. So, to me, it's a very open society. People are very welcoming. People are, you know, no issue, no stigmatization, no, no, I can't say that, I can't say that from the experience I had.", "segments": [{"id": 0, "seek": 0, "start": 0.0, "end": 7.8, "text": " People didn't care because when they come here, the society is so open that nobody's going to ask you where you're coming from.", "tokens": [50364, 3432, 994, 380, 1127, 570, 562, 436, 808, 510, 11, 264, 4086, 307, 370, 1269, 300, 5079, 311, 516, 281, 1029, 291, 689, 291, 434, 1348, 490, 13, 50754], "temperature": 0.0, "avg_logprob": -0.37294790677935163, "compression_ratio": 1.6441441441441442, "no_speech_prob": 0.5733440518379211}, {"id": 1, "seek": 0, "start": 7.8, "end": 14.24, "text": " Provided you speak your English or you can interact with them, most of us, they think we are not like when I say Alicabre.", "tokens": [50754, 15685, 2112, 291, 1710, 428, 3669, 420, 291, 393, 4648, 365, 552, 11, 881, 295, 505, 11, 436, 519, 321, 366, 406, 411, 562, 286, 584, 967, 299, 455, 265, 13, 51076], "temperature": 0.0, "avg_logprob": -0.37294790677935163, "compression_ratio": 1.6441441441441442, "no_speech_prob": 0.5733440518379211}, {"id": 2, "seek": 0, "start": 14.24, "end": 18.400000000000002, "text": " I say Alicabre. Some people, even in official paper, they write Alicabre.", "tokens": [51076, 286, 584, 967, 299, 455, 265, 13, 2188, 561, 11, 754, 294, 4783, 3035, 11, 436, 2464, 967, 299, 455, 265, 13, 51284], "temperature": 0.0, "avg_logprob": -0.37294790677935163, "compression_ratio": 1.6441441441441442, "no_speech_prob": 0.5733440518379211}, {"id": 3, "seek": 0, "start": 18.400000000000002, "end": 22.8, "text": " I say Agamilicabre, Nakabre, correct it.", "tokens": [51284, 286, 584, 2725, 335, 388, 299, 455, 265, 11, 25779, 455, 265, 11, 3006, 309, 13, 51504], "temperature": 0.0, "avg_logprob": -0.37294790677935163, "compression_ratio": 1.6441441441441442, "no_speech_prob": 0.5733440518379211}, {"id": 4, "seek": 2280, "start": 22.8, "end": 32.32, "text": " But because, no, everybody is like, we are the same. If you say your name, it sounds like some, ah, okay, are you from Zogotubu?", "tokens": [50364, 583, 570, 11, 572, 11, 2201, 307, 411, 11, 321, 366, 264, 912, 13, 759, 291, 584, 428, 1315, 11, 309, 3263, 411, 512, 11, 3716, 11, 1392, 11, 366, 291, 490, 1176, 664, 310, 836, 84, 30, 50840], "temperature": 0.0, "avg_logprob": -0.4413926051213191, "compression_ratio": 1.7555555555555555, "no_speech_prob": 0.026880301535129547}, {"id": 5, "seek": 2280, "start": 32.32, "end": 37.88, "text": " No, no, I'm from Okinawa so, ah, Okinawa, good, good, good, good, good, you know.", "tokens": [50840, 883, 11, 572, 11, 286, 478, 490, 3477, 1426, 4151, 370, 11, 3716, 11, 3477, 1426, 4151, 11, 665, 11, 665, 11, 665, 11, 665, 11, 665, 11, 291, 458, 13, 51118], "temperature": 0.0, "avg_logprob": -0.4413926051213191, "compression_ratio": 1.7555555555555555, "no_speech_prob": 0.026880301535129547}, {"id": 6, "seek": 2280, "start": 37.88, "end": 43.36, "text": " So, to me, it's a very open society. People are very welcoming.", "tokens": [51118, 407, 11, 281, 385, 11, 309, 311, 257, 588, 1269, 4086, 13, 3432, 366, 588, 17378, 13, 51392], "temperature": 0.0, "avg_logprob": -0.4413926051213191, "compression_ratio": 1.7555555555555555, "no_speech_prob": 0.026880301535129547}, {"id": 7, "seek": 2280, "start": 43.36, "end": 52.040000000000006, "text": " People are, you know, no issue, no stigmatization, no, no, I can't say that, I can't say that from the experience I had.", "tokens": [51392, 3432, 366, 11, 291, 458, 11, 572, 2734, 11, 572, 342, 46496, 2144, 11, 572, 11, 572, 11, 286, 393, 380, 584, 300, 11, 286, 393, 380, 584, 300, 490, 264, 1752, 286, 632, 13, 51826], "temperature": 0.0, "avg_logprob": -0.4413926051213191, "compression_ratio": 1.7555555555555555, "no_speech_prob": 0.026880301535129547}], "language": "English"}